Summary Information;LOC/File;Classes/File;Interfaces/File;Methods/File;Package Name;Class Name;Class Size;Methods/Class;Method Name;Method Size;;;;
Totals;24336;116;11;798;;;623;2;;20883;;;;
Average;197,8536585;;;6,487804878;;;51,91666667;0,5;;26,16917293;;;;
Max;1122;;;43;;;217;2;;502;;;;
Min;4;;;0;;;2;0;;1;;;;

Raw Data;LOC/File;Classes/File;Interfaces/File;Methods/File;Package Name;Class Name;Class Size;Methods/Class;Method Name;Method Size;;;;
ClientTask.java;21;1;0;9;zeta;;;;;;;ClientTask;19;9
;;;;;;;;;getVersion;1;;;;
;;;;;;;;;setResources;1;;;;
;;;;;;;;;setEnableStandardOutput;1;;;;
;;;;;;;;;start;1;;;;
;;;;;;;;;stop;1;;;;
;;;;;;;;;createWorkUnits;1;;;;
;;;;;;;;;createWorkUnits;1;;;;
;;;;;;;;;Constructor;3;;;;
;;;;;;;;;getWorkUnitManager;6;;;;
PipeStream.java;39;1;0;3;zeta;;;;;;;PipeStream;33;3
;;;;;;;;;Constructor;4;;;;
;;;;;;;;;close;9;;;;
;;;;;;;;;run;14;;;;
Task.java;33;1;0;5;zeta;;;;;;;Task;32;5
;;;;;;;;;Constructor;8;;;;
;;;;;;;;;getId;3;;;;
;;;;;;;;;getName;3;;;;
;;;;;;;;;getWorkUnitClass;3;;;;
;;;;;;;;;createWorkUnit;10;;;;
TaskManager.java;79;1;0;3;zeta;;;;;;;TaskManager;68;3
;;;;;;;;;getInstance;6;;;;
;;;;;;;;;getClientTask;3;;;;
;;;;;;;;;Constructor;55;;;;
WorkloadScheduler.java;215;1;0;8;zeta;;;;;;;WorkloadScheduler;210;8
;;;;;;;;;Constructor;39;;;;
;;;;;;;;;isAlwaysActive;3;;;;
;;;;;;;;;isActive;22;;;;
;;;;;;;;;getCPUUsage;19;;;;
;;;;;;;;;getTimeMillisToNextTimeframe;26;;;;
;;;;;;;;;checkTimeframe;16;;;;
;;;;;;;;;addTimeframe;29;;;;
;;;;;;;;;timeframe;50;;;;
WorkUnit.java;51;1;0;14;zeta;;;;;;;WorkUnit;47;14
;;;;;;;;;getParameters;1;;;;
;;;;;;;;;isCompleted;1;;;;
;;;;;;;;;containsFilenames;1;;;;
;;;;;;;;;getLogFilename;1;;;;
;;;;;;;;;isPartOfWorkUnit;1;;;;
;;;;;;;;;Constructor;6;;;;
;;;;;;;;;getTaskId;3;;;;
;;;;;;;;;getWorkUnitId;3;;;;
;;;;;;;;;getSize;3;;;;
;;;;;;;;;isRecompute;3;;;;
;;;;;;;;;isValid;3;;;;
;;;;;;;;;equals;9;;;;
;;;;;;;;;hashCode;3;;;;
;;;;;;;;;toString;3;;;;
WorkUnitManager.java;756;1;0;14;zeta;;;;;;;WorkUnitManager;722;14
;;;;;;;;;Constructor;65;;;;
;;;;;;;;;getWorkUnit;28;;;;
;;;;;;;;;submit;59;;;;
;;;;;;;;;compare;40;;;;
;;;;;;;;;storeData;217;;;;
;;;;;;;;;storeCompletedWorkUnits;33;;;;
;;;;;;;;;requestNewWorkUnits;106;;;;
;;;;;;;;;getNumberOfActiveWorkUnits;5;;;;
;;;;;;;;;numberOfLocalWorkUnits;26;;;;
;;;;;;;;;numberOfCompletedLocalWorkUnits;22;;;;
;;;;;;;;;cleanWorkUnits;51;;;;
;;;;;;;;;retrievePossibleWorkUnits;27;;;;
;;;;;;;;;storePossibleWorkUnits;19;;;;
;;;;;;;;;getKey;13;;;;
ZetaCalc.java;227;1;0;5;zeta;;;;;;;ZetaCalc;222;5
;;;;;;;;;Constructor;39;;;;
;;;;;;;;;run;136;;;;
;;;;;;;;;appendTimeInfo;28;;;;
;;;;;;;;;checkExit;7;;;;
;;;;;;;;;getExitFile;4;;;;
ZetaClient.java;393;1;0;19;zeta;;;;;;;ZetaClient;363;19
;;;;;;;;;main;24;;;;
;;;;;;;;;isUnknownHostExceptionOccur;3;;;;
;;;;;;;;;Constructor;33;;;;
;;;;;;;;;downloadFiles;110
;;;;;;;;;ignoreFilename;3
;;;;;;;;;startComputationManager;15
;;;;;;;;;exit;9
;;;;;;;;;writeData;22
;;;;;;;;;getSignatures;5
;;;;;;;;;verifySignatures;7
;;;;;;;;;extractSignature;27
;;;;;;;;;extractTasks;23
;;;;;;;;;isTrustedUser;14
;;;;;;;;;setProxyAuthentification;14
;;;;;;;;;getKey;10
;;;;;;;;;encrypt;3
;;;;;;;;;encrypt;14
;;;;;;;;;encryptURLFile;17
;;;;;;;;;verify;4
ZetaInfo.java;209;1;0;11;zeta;;;;;;;ZetaInfo;200;11
;;;;;;;;;init;22;;;;
;;;;;;;;;init;22;;;;
;;;;;;;;;write;3;;;;
;;;;;;;;;write;54;;;;
;;;;;;;;;handle;29;;;;
;;;;;;;;;setAppendsTimestamp;7;;;;
;;;;;;;;;setEventLogTimestamp;7;;;;
;;;;;;;;;setStandardOutput;3;;;;
;;;;;;;;;setExceptionOutput;3;;;;
;;;;;;;;;rollOver;16;;;;
;;;;;;;;;toFileSize;23;;;;
ZetaProperties.java;14;1;0;1;zeta;;;;;;;ZetaProperties;11;1
;;;;;;;;;Constructor;9;;;;
ZetaTask.java;132;1;0;13;zeta;;;;;;;ZetaTask;123;13
;;;;;;;;;Constructor;8;;;;
;;;;;;;;;getVersion;3;;;;
;;;;;;;;;setEnableStandardOutput;3;;;;
;;;;;;;;;setResources;11;;;;
;;;;;;;;;start;8;;;;
;;;;;;;;;stop;8;;;;
;;;;;;;;;createWorkUnits;48;;;;
;;;;;;;;;createWorkUnits;18;;;;
;;;;;;;;;getZetaVersion;1;;;;
;;;;;;;;;zetaZeros;1;;;;
;;;;;;;;;zetaExit;1;;;;
;;;;;;;;;setCoutLog;1;;;;
;;;;;;;;;setZetaResources;1;;;;
Bzip2Constants.java;59;0;1;0;zeta.crypto;;;;;;;Bzip2Constants;58;
Bzip2CRC.java;90;1;0;4;zeta.crypto;;;;;;;Bzip2CRC;89;4
;;;;;;;;;Constructor;3;;;;
;;;;;;;;;get;3;;;;
;;;;;;;;;init;3;;;;
;;;;;;;;;update;11;;;;
Bzip2InputStream.java;485;1;0;13;zeta.crypto;;;;;;;Bzip2InputStream;482;13
;;;;;;;;;Constructor;20;;;;
;;;;;;;;;read;30;;;;
;;;;;;;;;close;10;;;;
;;;;;;;;;read;36;;;;
;;;;;;;;;readInt;3;;;;
;;;;;;;;;initBlock;250;;;;
;;;;;;;;;endBlock;7;;;;
;;;;;;;;;setupRandPartA;21;;;;
;;;;;;;;;setupNoRandPartA;14;;;;
;;;;;;;;;setupRandPartB;25;;;;
;;;;;;;;;setupNoRandPartB;18;;;;
;;;;;;;;;setupRandPartC;12;;;;
;;;;;;;;;setupNoRandPartC;12;;;;
Bzip2OutputStream.java;922;1;0;24;zeta.crypto;;;;;;;Bzip2OutputStream;919;24
;;;;;;;;;Constructor;3;;;;
;;;;;;;;;Constructor;21;;;;
;;;;;;;;;write;17;;;;
;;;;;;;;;flush;4;;;;
;;;;;;;;;close;28;;;;
;;;;;;;;;finalize;3;;;;
;;;;;;;;;writeRun;29;;;;
;;;;;;;;;initBlock;7;;;;
;;;;;;;;;sortBlock;56;;;;
;;;;;;;;;write;22;;;;
;;;;;;;;;writeInt;6;;;;
;;;;;;;;;generateValues;65;;;;
;;;;;;;;;getNumberOfGroups;16;;;;
;;;;;;;;;prepareValues;77;;;;
;;;;;;;;;sendValues;105;;;;
;;;;;;;;;cost6;24;;;;
;;;;;;;;;med3;3;;;;
;;;;;;;;;swap;9;;;;
;;;;;;;;;simpleSort;37;;;;
;;;;;;;;;mainGtU;76;;;;
;;;;;;;;;makeCodeLengths;60;;;;
;;;;;;;;;heap;15;;;;
;;;;;;;;;quicksort;93;;;;
;;;;;;;;;sort;113;;;;
Decrypter.java;150;1;0;5;zeta.crypto;;;;;;;Decrypter;133;5
;;;;;;;;;Constructor;3;;;;
;;;;;;;;;decrypt;34;;;;
;;;;;;;;;decrypt;55;;;;
;;;;;;;;;decryptURLFile;15;;;;
;;;;;;;;;bzip2UncompressData;23;;;;
DefaultKey.java;25;1;0;4;zeta.crypto;;;;;;;DefaultKey;23;4
;;;;;;;;;Constructor;11;;;;
;;;;;;;;;getBase;3;;;;
;;;;;;;;;getModulo;3;;;;
;;;;;;;;;getGenerator;3;;;;
DefaultKeyEncrypt.java;25;1;0;4;zeta.crypto;;;;;;;DefaultKeyEncrypt;23;4
;;;;;;;;;Constructor;11;;;;
;;;;;;;;;getBase;3;;;;
;;;;;;;;;getModulo;3;;;;
;;;;;;;;;getGenerator;3;;;;
Encrypter.java;170;1;0;6;zeta.crypto;;;;;;;Encrypter;151;6
;;;;;;;;;Constructor;3;;;;
;;;;;;;;;encrypt;16;;;;
;;;;;;;;;encrypt;51;;;;
;;;;;;;;;encryptURLFile;19;;;;
;;;;;;;;;bzip2CompressData;24;;;;
;;;;;;;;;main;34;;;;
IONumber.java;148;1;0;4;zeta.crypto;;;;;;;IONumber;142;4
;;;;;;;;;main;18;;;;
;;;;;;;;;read;64;;;;
;;;;;;;;;write;51;;;;
;;;;;;;;;inverse;7;;;;
Key.java;7;0;1;0;zeta.crypto;;;;;;;Key;5;
KeyManager.java;96;1;0;3;zeta.crypto;;;;;;;KeyManager;94;3
;;;;;;;;;getKey;17;;;;
;;;;;;;;;getEncryptorKey;41;;;;
;;;;;;;;;getClassName;34;;;;
Signature.java;97;1;0;4;zeta.crypto;;;;;;;Signature;87;4
;;;;;;;;;Constructor;3;;;;
;;;;;;;;;verify;17;;;;
;;;;;;;;;generate;22;;;;
;;;;;;;;;hashCode;42;;;;
GenerateKey.java;234;1;0;5;zeta.crypto;;;;;;;GenerateKey;227;5
;;;;;;;;;generate;93;;;;
;;;;;;;;;sqrt;16;;;;
;;;;;;;;;jacobi;32;;;;
;;;;;;;;;isProbablePrime;59;;;;
;;;;;;;;;main;16;;;;
MonitoredHttpClient.java;16;1;0;3;zeta.monitor;;;;;;;MonitoredHttpClient;11;3
;;;;;;;;;Constructor;3;;;;
;;;;;;;;;doConnect;3;;;;
;;;;;;;;;New2;3;;;;
MonitoredHttpURLConnection.java;29;1;0;5;zeta.monitor;;;;;;;MonitoredHttpURLConnection;25;5
;;;;;;;;;Constructor;3;;;;
;;;;;;;;;Constructor;3;;;;
;;;;;;;;;getNewClient;3;;;;
;;;;;;;;;getProxiedClient;3;;;;
;;;;;;;;;connect;11;;;;
MonitoredOutputStream.java;39;1;0;6;zeta.monitor;;;;;;;MonitoredOutputStream;35;6
;;;;;;;;;Constructor;3;;;;
;;;;;;;;;write;3;;;;
;;;;;;;;;write;16;;;;
;;;;;;;;;flush;3;;;;
;;;;;;;;;close;3;;;;
;;;;;;;;;setWorkUnitId;3;;;;
MonitoredSocket.java;13;1;0;2;zeta.monitor;;;;;;;MonitoredSocket;8;2
;;;;;;;;;Constructor;3;;;;
;;;;;;;;;getOutputStream;3;;;;
MonitoredURLStreamHandler.java;15;1;0;3;zeta.monitor;;;;;;;MonitoredURLStreamHandler;11;3
;;;;;;;;;openConnection;3;;;;
;;;;;;;;;getProxy;3;;;;
;;;;;;;;;getProxyPort;3;;;;
ShowProgress.java;63;1;0;1;zeta.monitor;;;;;;;ShowProgress;60;1
;;;;;;;;;main;58;;;;
ServerTask.java;115;1;0;13;zeta.server;;;;;;;ServerTask;99;13
;;;;;;;;;Constructor;19;;;;
;;;;;;;;;Constructor;11;;;;
;;;;;;;;;getClientTaskClassName;3;;;;
;;;;;;;;;getWorkUnitVerifier;3;;;;
;;;;;;;;;getEncryptionClass;3;;;;
;;;;;;;;;getEncryptionSignature;3;;;;
;;;;;;;;;getDecryptionNumber;3;;;;
;;;;;;;;;getRequestWorkUnitProcessor;3;;;;
;;;;;;;;;getResultProcessor;3;;;;
;;;;;;;;;getParameter;3;;;;
;;;;;;;;;getParameter;4;;;;
;;;;;;;;;getDefaultDecryptionNumber;19;;;;
;;;;;;;;;loadClass;11;;;;
TaskManager.java;149;1;0;6;zeta.server;;;;;;;TaskManager;124;6
;;;;;;;;;getInstance;6;;;;
;;;;;;;;;getServerTask;3;;;;
;;;;;;;;;getServerTask;10;;;;
;;;;;;;;;encode;19;;;;
;;;;;;;;;Constructor;47;;;;
;;;;;;;;;updateTasksSignature;34;;;;
WorkUnitVerifier.java;6;0;1;0;zeta.server;;;;;;;WorkUnitVerifier;3;
ZetaConstant.java;4;0;1;0;zeta.server;;;;;;;ZetaConstant;3;
CheckCompleteness.java;135;1;0;4;zeta.tool;;;;;;;CheckCompleteness;126;4
;;;;;;;;;main;15;;;;
;;;;;;;;;summary;31;;;;
;;;;;;;;;checkCompleteness;68;;;;
;;;;;;;;;checkFileSize;10;;;;
CheckZip.java;89;1;0;4;zeta.tool;;;;;;;CheckZip;79;4
;;;;;;;;;main;9;;;;
;;;;;;;;;check;19;;;;
;;;;;;;;;checkFile;20;;;;
;;;;;;;;;transferContent;29;;;;
CountLines.java;68;1;0;2;zeta.tool;;;;;;;CountLines;60;2
;;;;;;;;;main;3;;;;
;;;;;;;;;countLines;53;;;;
GenerateWorkUnits.java;107;1;0;2;zeta.tool;;;;;;;GenerateWorkUnits;97;2
;;;;;;;;;main;7;;;;
;;;;;;;;;generate;88;;;;
KeepAlive.java;685;1;0;8;zeta.tool;;;;;;;KeepAlive;652;8
;;;;;;;;;main;18;;;;
;;;;;;;;;Constructor;14;;;;
;;;;;;;;;getPPPClientAddress;29;;;;
;;;;;;;;;ping;17;;;;
;;;;;;;;;checkPage;35;;;;
;;;;;;;;;sendURL;59;;;;
;;;;;;;;;trace;3;;;;
;;;;;;;;;trace;17;;;;
;;;;;;(Inner class) KeepAliveConnection;217;;;;;;;
;;;;;;(Inner class) KeepAliveDatabase;206;;;;;;;
;;;;;;(Inner class) KeepAliveTomcat;25;;;;;;;
Recomputation.java;60;1;0;5;zeta.tool;;;;;;;Recomputation;50;5
;;;;;;;;;main;17;;;;
;;;;;;;;;Constructor;3;;;;
;;;;;;;;;close;3;;;;
;;;;;;;;;recomp;13;;;;
;;;;;;;;;recomp;11;;;;
RemoveData.java;64;1;0;2;zeta.tool;;;;;;;RemoveData;55;2
;;;;;;;;;main;3;;;;
;;;;;;;;;remove;50;;;;
tool.dfPackage;9;4;0;0;id1v8d5zd3hrri76d3hrt7e2;;;;;;;diagram;2;0
;;;;;;__tags;2;0;;;;;;
;;;;;;__options;2;0;;;;;;
;;;;;;__positions;2;0;;;;;;
ZetaApprove.java;138;1;0;5;zeta.tool;;;;;;;ZetaApprove;123;5
;;;;;;;;;main;13;;;;
;;;;;;;;;Constructor;3;;;;
;;;;;;;;;close;3;;;;
;;;;;;;;;approve;80;;;;
;;;;;;;;;getDistance;21;;;;
ZetaCD.java;196;1;0;3;zeta.tool;;;;;;;ZetaCD;185;3
;;;;;;;;;main;3;;;;
;;;;;;;;;create;18;;;;
;;;;;;;;;createCD;159;;;;
ZetaCheckVersions.java;77;1;0;3;zeta.tool;;;;;;;ZetaCheckVersions;66;3
;;;;;;;;;main;12;;;;
;;;;;;;;;getZetaClientVersion;23;;;;
;;;;;;;;;getFileVersion;29;;;;
ZetaIndexHTML.java;357;1;0;2;zeta.tool;;;;;;;ZetaIndexHTML;329;2
;;;;;;;;;generate;311;;;;
;;;;;;;;;format;15;;;;
ZetaSearch.java;192;1;0;7;zeta.tool;;;;;;;ZetaSearch;181;7
;;;;;;;;;main;15;;;;
;;;;;;;;;split;35;;;;
;;;;;;;;;search;56;;;;
;;;;;;;;;getAnzahl;15;;;;
;;;;;;;;;searchText;35;;;;
;;;;;;;;;initIndexOf;11;;;;
;;;;;;;;;indexOf;12;;;;
ZetaSearchGaps.java;326;1;0;8;zeta.tool;;;;;;;ZetaSearchGaps;313;8
;;;;;;;;;main;51;;;;
;;;;;;;;;sumMissingLogs;21;;;;
;;;;;;;;;search;75;;;;
;;;;;;;;;search;133;;;;
;;;;;;;;;indexOf;3;;;;
;;;;;;;;;indexOf;9;;;;
;;;;;;;;;indexOf;3;;;;
;;;;;;;;;indexOf;16;;;;
ZetaStatistic.java;1122;1;0;24;zeta.tool;;;;;;;ZetaStatistic;1095;24
;;;;;;;;;main;30;;;;
;;;;;;;;;calc;89;;;;
;;;;;;;;;statistic;189;;;;
;;;;;;;;;checkLog;26;;;;
;;;;;;;;;updateData;162;;;;
;;;;;;;;;equalLines;16;;;;
;;;;;;;;;fastCheck;83;;;;
;;;;;;;;;check;56;;;;
;;;;;;;;;expandFileAndCheck;3;;;;
;;;;;;;;;expandFileAndCheck;229;;;;
;;;;;;;;;removeLastChar;34;;;;
;;;;;;;;;recomputation;27;;;;
;;;;;;;;;repairDot;9;;;;
;;;;;;;;;justDots;9;;;;
;;;;;;;;;Gram;3;;;;
;;;;;;;;;Gram;10;;;;
;;;;;;;;;getStartN;26;;;;
;;;;;;;;;zetaZerosExpand;14;;;;
;;;;;;;;;reduceFilesize2;3;;;;
;;;;;;;;;reduceFilesize2;11;;;;
;;;;;;;;;reduceFilesize;1;;;;
;;;;;;;;;statistic;1;;;;
;;;;;;;;;verify;1;;;;
;;;;;;;;;zetaZeros;1;;;;
;;;;;;(Inner class) WorkUnit;43;;;;;;;
ZetaStatisticHTML.java;305;1;0;12;zeta.tool;;;;;;;ZetaStatisticHTML;282;12
;;;;;;;;;main;3;;;;
;;;;;;;;;generate;61;;;;
;;;;;;;;;prevGenerate;46;;;;
;;;;;;;;;generate;42;;;;
;;;;;;;;;appendHeader;26;;;;
;;;;;;;;;appendFooter;9;;;;
;;;;;;;;;appendTitle;8;;;;
;;;;;;;;;appendTableHeader;17;;;;
;;;;;;;;;appendTable;31;;;;
;;;;;;;;;getLastGramBlock;18;;;;
;;;;;;;;;getLastT;5;;;;
;;;;;;;;;readFile;12;;;;
ZetaStatisticSummary.java;861;1;0;15;zeta.tool;;;;;;;ZetaStatisticSummary;837;15
;;;;;;;;;main;44;;;;
;;;;;;;;;zip;66;;;;
;;;;;;;;;substract;51;;;;
;;;;;;;;;add;46;;;;
;;;;;;;;;createSummary;90;;;;
;;;;;;;;;checkMax;30;;;;
;;;;;;;;;print;10;;;;
;;;;;;;;;toString;71;;;;
;;;;;;;;;read;147;;;;
;;;;;;;;;write;70;;;;
;;;;;;;;;check;23;;;;
;;;;;;;;;correct;30;;;;
;;;;;;;;;correct;78;;;;
;;;;;;;;;checkType;62;;;;
;;;;;;;;;getRange;9;;;;
Base64.java;120;1;0;3;zeta.util;;;;;;;Base64;118;3
;;;;;;;;;encode;26;;;;
;;;;;;;;;decode;60;;;;
;;;;;;;;;main;9;;;;
Graphics.java;80;1;0;1;zeta.util;;;;;;;Graphics;68;1
;;;;;;;;;floodFill;66;;;;
ProcessUtils.java;78;1;0;4;zeta.util;;;;;;;ProcessUtils;72;4
;;;;;;;;;exec;3;;;;
;;;;;;;;;exec;3;;;;
;;;;;;;;;exec;3;;;;
;;;;;;;;;exec;61;;;;
Properties.java;71;1;0;8;zeta.util;;;;;;;Properties;67;8
;;;;;;;;;Constructor;2;;;;
;;;;;;;;;Constructor;3;;;;
;;;;;;;;;Constructor;5;;;;
;;;;;;;;;reload;4;;;;
;;;;;;;;;load;26;;;;
;;;;;;;;;get;4;;;;
;;;;;;;;;get;4;;;;
;;;;;;;;;get;10;;;;
SendMail.java;244;1;0;14;zeta.util;;;;;;;SendMail;232;14
;;;;;;;;;Constructor;3;;;;
;;;;;;;;;Constructor;3;;;;
;;;;;;;;;Constructor;13;;;;
;;;;;;;;;setRealNameFrom;3;;;;
;;;;;;;;;setRealNameTo;3;;;;
;;;;;;;;;setRealNameTo;3;;;;
;;;;;;;;;setPop3Authentication;3;;;;
;;;;;;;;;run;64;;;;
;;;;;;;;;isSuccessfully;3;;;;
;;;;;;;;;setVerbose;3;;;;
;;;;;;;;;setDebug;3;;;;
;;;;;;;;;isValidEmailAddressSyntax;38;;;;
;;;;;;;;;sendline;12;;;;
;;;;;;;;;main;61;;;;
StreamUtils.java;423;1;0;21;zeta.util;;;;;;;StreamUtils;406;21
;;;;;;;;;close;8;;;;
;;;;;;;;;close;8;;;;
;;;;;;;;;close;8;;;;
;;;;;;;;;close;8;;;;
;;;;;;;;;delete;16
;;;;;;;;;move;16
;;;;;;;;;copy;14
;;;;;;;;;writeData;24
;;;;;;;;;getFile;21
;;;;;;;;;compare;14
;;;;;;;;;checkAvailDiskSpace;7
;;;;;;;;;align8;12
;;;;;;;;;skip;37
;;;;;;;;;between;40
;;;;;;;;;getLines;33
;;;;;;;;;getLines;34
;;;;;;;;;getLines;28
;;;;;;;;;search;20
;;;;;;;;;startsWith;33
;;;;;;;;;initIndexOf;11
;;;;;;;;;indexOf;12;;;;
StringUtils.java;143;1;0;5;zeta.util;;;;;;;StringUtils;142;5
;;;;;;;;;format;13;;;;
;;;;;;;;;format;67;;;;
;;;;;;;;;replace;18;;;;
;;;;;;;;;numberOfDigits;10;;;;
;;;;;;;;;indexOfIgnoreCase;32;;;;
Table.java;278;1;0;36;zeta.util;;;;;;;Table;274;36
;;;;;;;;;Constructor;9;;;;
;;;;;;;;;Constructor;13;;;;
;;;;;;;;;clear;3;;;;
;;;;;;;;;getHiddenColumnCount;3;;;;
;;;;;;;;;setHiddenColumnCount;3;;;;
;;;;;;;;;getColumnCount;3;;;;
;;;;;;;;;getRowCount;3;;;;
;;;;;;;;;getColumnName;3;;;;
;;;;;;;;;setColumnName;3
;;;;;;;;;getAlignment;3
;;;;;;;;;setAlignment;3
;;;;;;;;;getType;3
;;;;;;;;;setType;3
;;;;;;;;;getPrecision;3
;;;;;;;;;setPrecision;3
;;;;;;;;;getScale;3
;;;;;;;;;setScale;3
;;;;;;;;;getFormat;3
;;;;;;;;;setFormat;3
;;;;;;;;;addRow;3
;;;;;;;;;addRow;3
;;;;;;;;;getRow;3
;;;;;;;;;getValue;3
;;;;;;;;;getValues;8
;;;;;;;;;setValue;3;;;;
;;;;;;;;;swapRows;8;;;;
;;;;;;;;;indexOfColumn;8;;;;
;;;;;;;;;indexOfColumnIgnoreCase;8;;;;
;;;;;;;;;indexOfRow;3;;;;
;;;;;;;;;indexOfRow;9;;;;
;;;;;;;;;indexOfRow;3;;;;
;;;;;;;;;indexOfRow;11;;;;
;;;;;;;;;indexOfRowIgnoreCase;3;;;;
;;;;;;;;;indexOfRowIgnoreCase;9;;;;
;;;;;;;;;insertColumn;37;;;;
;;;;;;;;;addAndOrderByLastDesc;66;;;;
ThrowableHandler.java;10;1;0;1;zeta.util;;;;;;;ThrowableHandler;7;1
;;;;;;;;;handle;4;;;;
ApproveHandler.java;125;1;0;5;zeta.server.handler;;;;;;;ApproveHandler;107;5
;;;;;;;;;Constructor;3;;;;
;;;;;;;;;doGet;24;;;;
;;;;;;;;;generateAddressToApprove;26;;;;
;;;;;;;;;decrypt;14;;;;
;;;;;;;;;approve;37;;;;
DataHandler.java;244;1;0;4;zeta.server.handler;;;;;;;DataHandler;219;4
;;;;;;;;;Constructor;3;;;;
;;;;;;;;;doGet;146;;;;
;;;;;;;;;doPost;63;;;;
;;;;;;;;;getParameter;4;;;;
GetClientHandler.java;458;1;0;6;zeta.server.handler;;;;;;;GetClientHandler;429;6
;;;;;;;;;Constructor;3;;;;
;;;;;;;;;doGet;299;;;;
;;;;;;;;;getSignatures;51;;;;
;;;;;;;;;refreshSignature;42;;;;
;;;;;;;;;putKey;13;;;;
;;;;;;;;;getKeyTimestamp;6;;;;
GetHandler.java;10;0;1;0;zeta.server.handler;;;;;;;GetHandler;3;
PostHandler.java;10;0;1;0;zeta.server.handler;;;;;;;PostHandler;3;
RequestWorkUnitHandler.java;611;1;0;4;zeta.server.handler;;;;;;;RequestWorkUnitHandler;585;4
;;;;;;;;;Constructor;3;;;;
;;;;;;;;;doGet;502;;;;
;;;;;;;;;insertWorkUnitsIntoDatabase;38;;;;
;;;;;;;;;getWorkUnitSize;32;;;;
ResultHandler.java;286;1;0;2;zeta.server.handler;;;;;;;ResultHandler;261;2
;;;;;;;;;Constructor;3;;;;
;;;;;;;;;doPost;248;;;;
SynchronizationHandler.java;201;1;0;4;zeta.server.handler;;;;;;;SynchronizationHandler;173;4
;;;;;;;;;Constructor;3;;;;
;;;;;;;;;doGet;94;;;;
;;;;;;;;;doPost;69;;;;
;;;;;;;;;getParameter;4;;;;
WorkUnitStatusReportHandler.java;94;1;0;2;zeta.server.handler.admin;;;;;;;WorkUnitStatusReportHandler;81;2
;;;;;;;;;Constructor;3;;;;
;;;;;;;;;doGet;75;;;;
WorkstationStatusReportHandler.java;47;1;0;2;zeta.server.handler.admin;;;;;;;WorkstationStatusReportHandler;36;2
;;;;;;;;;Constructor;3;;;;
;;;;;;;;;doGet;30;;;;
ApproveBase.java;152;1;0;9;zeta.server.handler.approve;;;;;;;ApproveBase;132;9
;;;;;;;;;Constructor;6;;;;
;;;;;;;;;getKey;1;;;;
;;;;;;;;;getValue;7;;;;
;;;;;;;;;approve;1;;;;
;;;;;;;;;generateAddressToApprove;45;;;;
;;;;;;;;;getServerId;10;;;;
;;;;;;;;;getUserId;14;;;;
;;;;;;;;;getTimeMillis;4;;;;
;;;;;;;;;main;38;;;;
ApproveMessages.java;23;1;0;3;zeta.server.handler.approve;;;;;;;ApproveMessages;17;3
;;;;;;;;;Constructor;3;;;;
;;;;;;;;;getKey;3;;;;
;;;;;;;;;approve;9;;;;
ApproveProperties.java;159;1;0;3;zeta.server.handler.approve;;;;;;;ApproveProperties;143;3
;;;;;;;;;Constructor;3;;;;
;;;;;;;;;getKey;3;;;;
;;;;;;;;;approve;135;;;;
ApproveTeamName.java;35;1;0;3;zeta.server.handler.approve;;;;;;;ApproveTeamName;27;3
;;;;;;;;;Constructor;3;;;;
;;;;;;;;;getKey;3;;;;
;;;;;;;;;approve;19;;;;
ConnectionDriver.java;52;1;0;10;zeta.server.handler.database;;;;;;;ConnectionDriver;45;10
;;;;;;;;;Constructor;7;;;;
;;;;;;;;;connect;3;;;;
;;;;;;;;;acceptsURL;3;;;;
;;;;;;;;;getMajorVersion;3;;;;
;;;;;;;;;getMinorVersion;3;;;;
;;;;;;;;;getPropertyInfo;3;;;;
;;;;;;;;;jdbcCompliant;3;;;;
;;;;;;;;;getURL;3;;;;
;;;;;;;;;setURL;9;;;;
;;;;;;;;;getPoolsize;3;;;;
ConnectionPool.java;129;2;0;13;zeta.server.handler.database;;;;;;;ConnectionPool;105;11
;;;;;;;;;Constructor;11;;;;
;;;;;;;;;getURL;3;;;;
;;;;;;;;;setURL;4;;;;
;;;;;;;;;reapConnections;18;;;;
;;;;;;;;;closeConnections;5;;;;
;;;;;;;;;getConnection;20;;;;
;;;;;;;;;returnConnection;12;;;;
;;;;;;;;;getPoolsize;3;;;;
;;;;;;;;;checkConnection;13;;;;
;;;;;;;;;finalize;3;;;;
;;;;;;;;;removeConnection;4;;;;
;;;;;;ConnectionReaper;16;2;;;;;;
;;;;;;;;;Constructor;3;;;;
;;;;;;;;;run;9;;;;
PooledConnection.java;154;1;0;43;zeta.server.handler.database;;;;;;;PooledConnection;144;43
;;;;;;;;;Constructor;4;;;;
;;;;;;;;;lease;8;;;;
;;;;;;;;;inUse;3;;;;
;;;;;;;;;getLastUse;3;;;;
;;;;;;;;;getCreatedTimestamp;3;;;;
;;;;;;;;;expireLease;4;;;;
;;;;;;;;;getConnection;3;;;;
;;;;;;;;;createStatement;3;;;;
;;;;;;;;;prepareStatement;3;;;;
;;;;;;;;;prepareCall;3;;;;
;;;;;;;;;nativeSQL;3
;;;;;;;;;setAutoCommit;3
;;;;;;;;;getAutoCommit;3
;;;;;;;;;commit;3
;;;;;;;;;rollback;3
;;;;;;;;;close;4
;;;;;;;;;isClosed;3
;;;;;;;;;getMetaData;3
;;;;;;;;;setReadOnly;3
;;;;;;;;;isReadOnly;3
;;;;;;;;;setCatalog;3
;;;;;;;;;getCatalog;3
;;;;;;;;;setTransactionIsolation;3
;;;;;;;;;getTransactionIsolation;3
;;;;;;;;;getWarnings;3
;;;;;;;;;clearWarnings;3
;;;;;;;;;createStatement;3
;;;;;;;;;prepareStatement;3
;;;;;;;;;prepareCall;3
;;;;;;;;;getTypeMap;3
;;;;;;;;;setTypeMap;3
;;;;;;;;;setHoldability;3
;;;;;;;;;getHoldability;3
;;;;;;;;;setSavepoint;3
;;;;;;;;;setSavepoint;3
;;;;;;;;;rollback;3
;;;;;;;;;releaseSavepoint;3
;;;;;;;;;createStatement;3
;;;;;;;;;prepareStatement;3
;;;;;;;;;prepareCall;3
;;;;;;;;;prepareStatement;3
;;;;;;;;;prepareStatement;3
;;;;;;;;;prepareStatement;3;;;;
AbstractHandler.java;445;1;0;18;zeta.server.handler.statistic;;;;;;;AbstractHandler;415;18
;;;;;;;;;createPage;1;;;;
;;;;;;;;;createPage;20;;;;
;;;;;;;;;createImage;3;;;;
;;;;;;;;;Constructor;6;;;;
;;;;;;;;;isImageExpired;10;;;;
;;;;;;;;;isInnerPageExpired;3;;;;
;;;;;;;;;isPageExpired;3;;;;
;;;;;;;;;getInnerPageExpiredDiffTime;3;;;;
;;;;;;;;;getPageExpiredDiffTime;3;;;;
;;;;;;;;;imageUpdateCompleted;3;;;;
;;;;;;;;;pageUpdateCompleted;3;;;;
;;;;;;;;;getInnerPageBuffer;81;;;;
;;;;;;;;;getBufferedPage;10;;;;
;;;;;;;;;doGet;93;;;;
;;;;;;;;;getImageWidth;3;;;;
;;;;;;;;;getImageHeight;3;;;;
;;;;;;;;;createCompletePage;47;;;;
;;;;;;;;;appendMenu;55;;;;
;;;;;;(Inner class) InnerPageBuffer;50;;;;;;;
ActiveWorkUnitsHandler.java;24;1;0;3;zeta.server.handler.statistic;;;;;;;ActiveWorkUnitsHandler;15;3
;;;;;;;;;Constructor;3;;;;
;;;;;;;;;createPage;3;;;;
;;;;;;;;;createImage;7;;;;
CloseZerosHandler.java;128;1;0;2;zeta.server.handler.statistic;;;;;;;CloseZerosHandler;111;2
;;;;;;;;;Constructor;3;;;;
;;;;;;;;;createPage;106;;;;
CodedList.java;7;0;1;0;zeta.server.handler.statistic;;;;;;;CodedList;6;
HtmlListGenerator.java;57;1;0;4;zeta.server.handler.statistic;;;;;;;HtmlListGenerator;54;4
;;;;;;;;;Constructor;2;;;;
;;;;;;;;;generate;36;;;;
;;;;;;;;;generateBackgound;5;;;;
;;;;;;;;;generateCell;9;;;;
HtmlTableGenerator.java;129;1;0;5;zeta.server.handler.statistic;;;;;;;HtmlTableGenerator;121;5
;;;;;;;;;Constructor;3;;;;
;;;;;;;;;Constructor;5;;;;
;;;;;;;;;generate;64;;;;
;;;;;;;;;generateBackgound;5;;;;
;;;;;;;;;generateCell;39;;;;
HtmlTableGeneratorWithSum.java;23;1;0;4;zeta.server.handler.statistic;;;;;;;HtmlTableGeneratorWithSum;20;4
;;;;;;;;;Constructor;3;;;;
;;;;;;;;;Constructor;3;;;;
;;;;;;;;;generateBackgound;5;;;;
;;;;;;;;;generateCell;7;;;;
ListGenerator.java;67;1;0;4;zeta.server.handler.statistic;;;;;;;ListGenerator;64;4
;;;;;;;;;Constructor;2;;;;
;;;;;;;;;generate;23;;;;
;;;;;;;;;generateHTML;32;;;;
;;;;;;;;;generateBackgound;5;;;;
LocationsHandler.java;263;1;0;5;zeta.server.handler.statistic;;;;;;;LocationsHandler;231;5
;;;;;;;;;Constructor;3;;;;
;;;;;;;;;createPage;115;;;;
;;;;;;;;;createImage;66;;;;
;;;;;;;;;getColor;12;;;;
;;;;;;;;;main;29;;;;
OperatingSystemsHandler.java;169;1;0;8;zeta.server.handler.statistic;;;;;;;OperatingSystemsHandler;155;8
;;;;;;;;;Constructor;3;;;;
;;;;;;;;;getImageWidth;3;;;;
;;;;;;;;;getImageHeight;3;;;;
;;;;;;;;;createPage;36;;;;
;;;;;;;;;createImage;18;;;;
;;;;;;;;;extendPercent;37;;;;
;;;;;;;;;updatePie;35;;;;
;;;;;;;;;main;14;;;;
StatisticOverviewHandler.java;339;1;0;4;zeta.server.handler.statistic;;;;;;;StatisticOverviewHandler;315;4
;;;;;;;;;Constructor;3;;;;
;;;;;;;;;createPage;177;;;;
;;;;;;;;;createPage;103;;;;
;;;;;;;;;createImage;30;;;;
TeamMembersHandler.java;338;1;0;6;zeta.server.handler.statistic;;;;;;;TeamMembersHandler;315;6
;;;;;;;;;Constructor;3;;;;
;;;;;;;;;getTopTeamTable;3;;;;
;;;;;;;;;createPage;183;;;;
;;;;;;;;;createPage;93;;;;
;;;;;;;;;inputTeam;11;;;;
;;;;;;;;;insertTeam;19;;;;
Top1000ProducersHandler.java;68;1;0;2;zeta.server.handler.statistic;;;;;;;Top1000ProducersHandler;58;2
;;;;;;;;;Constructor;3;;;;
;;;;;;;;;createPage;53;;;;
Top100ProducersHandler.java;68;1;0;2;zeta.server.handler.statistic;;;;;;;Top100ProducersHandler;58;2
;;;;;;;;;Constructor;3;;;;
;;;;;;;;;createPage;53;;;;
TopProducers24HoursHandler.java;98;1;0;2;zeta.server.handler.statistic;;;;;;;TopProducers24HoursHandler;83;2
;;;;;;;;;Constructor;3;;;;
;;;;;;;;;createPage;78;;;;
TopProducers7DaysHandler.java;98;1;0;2;zeta.server.handler.statistic;;;;;;;TopProducers7DaysHandler;83;2
;;;;;;;;;Constructor;3;;;;
;;;;;;;;;createPage;78;;;;
TopProducersHandler.java;1055;1;0;9;zeta.server.handler.statistic;;;;;;;TopProducersHandler;1015;9
;;;;;;;;;Constructor;3;;;;
;;;;;;;;;getTopProducersTable;3;;;;
;;;;;;;;;createPage;168;;;;
;;;;;;;;;createPage;342;;;;
;;;;;;;;;getUserData;42;;;;
;;;;;;;;;inputUser;58;;;;
;;;;;;;;;isLoginNeeded;35;;;;
;;;;;;;;;changeProperties;121;;;;
;;;;;;;;;requestApprovalToChangeProperties;236;;;;
TopTeamsHandler.java;86;1;0;3;zeta.server.handler.statistic;;;;;;;TopTeamsHandler;69;3
;;;;;;;;;Constructor;3;;;;
;;;;;;;;;createPage;61;;;;
;;;;;;;;;createImage;3;;;;
WorkLoadTodayHandler.java;172;1;0;4;zeta.server.handler.statistic;;;;;;;WorkLoadTodayHandler;146;4
;;;;;;;;;Constructor;3;;;;
;;;;;;;;;createPage;64;;;;
;;;;;;;;;createImage;8;;;;
;;;;;;;;;getWorkloadSummary;69;;;;
WorkstationsHandler.java;282;1;0;8;zeta.server.handler.statistic;;;;;;;WorkstationsHandler;264;8
;;;;;;;;;Constructor;3;;;;
;;;;;;;;;createPage;177;;;;
;;;;;;;;;isActive;3;;;;
;;;;;;;;;encode;22;;;;
;;;;;;;;;decode;23;;;;
;;;;;;;;;decodeValue;3;;;;
;;;;;;;;;getAlignment;11;;;;
;;;;;;;;;search;20;;;;
WorldmapBuffer.java;14;1;0;1;zeta.server.handler.statistic;;;;;;;WorldmapBuffer;13;1
;;;;;;;;;getImage;8;;;;
WorldmapBuffer1.java;213;0;1;0;zeta.server.handler.statistic;;;;;;;WorldmapBuffer1;212;
WorldmapBuffer2.java;301;0;1;0;zeta.server.handler.statistic;;;;;;;WorldmapBuffer2;300;
DefaultWorkUnitProcessor.java;37;1;0;4;zeta.server.processor;;;;;;;DefaultWorkUnitProcessor;24;4
;;;;;;;;;checkResult;13;;;;
;;;;;;;;;processResult;3;;;;
;;;;;;;;;getParameters;3;;;;
;;;;;;;;;activateWorkUnit;3;;;;
SimpleFileProcessor.java;26;1;0;1;zeta.server.processor;;;;;;;SimpleFileProcessor;13;1
;;;;;;;;;processResult;11;;;;
TaskRequestWorkUnitProcessor.java;13;0;1;0;zeta.server.processor;;;;;;;TaskRequestWorkUnitProcessor;4;
TaskResultProcessor.java;12;0;1;0;zeta.server.processor;;;;;;;TaskResultProcessor;4;
WorkUnitFileProcessor.java;134;1;0;2;zeta.server.processor;;;;;;;WorkUnitFileProcessor;119;2
;;;;;;;;;processResult;63;;;;
;;;;;;;;;activateWorkUnit;54;;;;
ConstantProperties.java;20;1;0;0;zeta.server.tool;;;;;;;ConstantProperties;16;0
CreateStatistics.java;647;1;0;14;zeta.server.tool;;;;;;;CreateStatistics;616;14
;;;;;;;;;main;18;;;;
;;;;;;;;;init;23;;;;
;;;;;;;;;run;47;;;;
;;;;;;;;;generatePagesImages;175;;;;
;;;;;;;;;indexOf;9;;;;
;;;;;;;;;updatePages;101;;;;
;;;;;;;;;updateImages;63;;;;
;;;;;;;;;generateImage;16;;;;
;;;;;;;;;getImage;19;;;;
;;;;;;;;;getPage;19;;;;
;;;;;;;;;gcd;18;;;;
;;;;;;;;;convertToXML;71;;;;
;;;;;;;;;formatValue;10;;;;
;;;;;;;;;encodeXML;23;;;;
Daemon.java;162;1;0;4;zeta.server.tool;;;;;;;Daemon;151;4
;;;;;;;;;allowDbRestart;3;;;;
;;;;;;;;;setAllowDbRestart;9;;;;
;;;;;;;;;main;107;;;;
;;;;;;;;;statistic;27;;;;
Database.java;16;1;0;2;zeta.server.tool;;;;;;;Database;12;2
;;;;;;;;;getConnection;5;;;;
;;;;;;;;;getConnection;5;;;;
DatabaseBackup.java;607;1;0;9;zeta.server.tool;;;;;;;DatabaseBackup;579;9
;;;;;;;;;main;25;;;;
;;;;;;;;;backup;62;;;;
;;;;;;;;;restore;64;;;;
;;;;;;;;;errorTable;27;;;;
;;;;;;;;;backupTable;138;;;;
;;;;;;;;;backupTable;183;;;;
;;;;;;;;;reorgTable;43;;;;
;;;;;;;;;writeFile;5;;;;
;;;;;;;;;dublicateChar;18;;;;
;;;;;;(Inner class) BackupTableColumn;8;;;;;;;
DatabaseReorg.java;677;1;0;11;zeta.server.tool;;;;;;;DatabaseReorg;655;11
;;;;;;;;;main;57;;;;
;;;;;;;;;Constructor;3;;;;
;;;;;;;;;close;3;;;;
;;;;;;;;;hardReorg;128;;;;
;;;;;;;;;serverReorg;125;;;;
;;;;;;;;;reorg;37;;;;
;;;;;;;;;reorg;32;;;;
;;;;;;;;;reorg;141;;;;
;;;;;;;;;getBestWorkstation;76;;;;
;;;;;;;;;getLastUpdate;6;;;;
;;;;;;;;;updateUsersForRecomputation;40;;;;
FTP.java;538;1;0;42;zeta.server.tool;;;;;;;FTP;517;42
;;;;;;;;;connect;3;;;;
;;;;;;;;;connect;24;;;;
;;;;;;;;;login;6;;;;
;;;;;;;;;abort;4;;;;
;;;;;;;;;close;3;;;;
;;;;;;;;;disconnect;12;;;;
;;;;;;;;;setMode;3;;;;
;;;;;;;;;get;3;;;;
;;;;;;;;;get;21;;;;
;;;;;;;;;get;3;;;;
;;;;;;;;;get;3;;;;
;;;;;;;;;get;73
;;;;;;;;;put;3
;;;;;;;;;put;14
;;;;;;;;;put;3
;;;;;;;;;put;58
;;;;;;;;;dir;25
;;;;;;;;;longDir;25
;;;;;;;;;systemID;3
;;;;;;;;;cd;3
;;;;;;;;;makeDir;3
;;;;;;;;;pwd;9
;;;;;;;;;rename;4
;;;;;;;;;deleteDir;3
;;;;;;;;;deleteFile;3
;;;;;;;;;quote;3
;;;;;;;;;site;3
;;;;;;;;;getHost;3
;;;;;;;;;setBufferSize;5
;;;;;;;;;getBufferSize;3
;;;;;;;;;setTransferSleep;3
;;;;;;;;;setSocketTimeout;5
;;;;;;;;;getSocketTimeout;3
;;;;;;;;;setAllowRestart;3
;;;;;;;;;isAllowRestart;3
;;;;;;;;;setDebug;6
;;;;;;;;;isDebug;3
;;;;;;;;;checkConnection;8
;;;;;;;;;checkResponseCode;38
;;;;;;;;;executeCommand;20
;;;;;;;;;getDataSocket;18
;;;;;;;;;main;32
;;;;;;(Inner class) Response;29;;;
GetData.java;751;1;0;9;zeta.server.tool;;;;;;;GetData;706;9
;;;;;;;;;main;7;;;;
;;;;;;;;;get;13;;;;
;;;;;;;;;get;44;;;;
;;;;;;;;;getViaServlet;197;;;;
;;;;;;;;;encrypt;15;;;;
;;;;;;;;;getViaFtp;145;;;;
;;;;;;;;;getData;88;;;;
;;;;;;;;;decrypt;3;;;;
;;;;;;;;;decrypt;166;;;;
;;;;;;(Inner class) WriterThread;23;;;;;;;
NewVersion.java;399;1;0;12;zeta.tool;;;;;;;NewVersion;367;12
;;;;;;;;;main;59;;;;
;;;;;;;;;Constructor;4;;;;
;;;;;;;;;close;3;;;;
;;;;;;;;;getFilename;13;;;;
;;;;;;;;;getSignature;19;;;;
;;;;;;;;;updateOverallSingatures;35;;;;
;;;;;;;;;getOverallSignature;72;;;;
;;;;;;;;;insertNewVersion;30;;;;
;;;;;;;;;updateNewVersion;53;;;;
;;;;;;;;;deleteVersion;21;;;;
;;;;;;;;;simpleUpdate;21;;;;
;;;;;;;;;updateEncryptionClass;33;;;;
ServerSynchronization.java;427;1;0;9;zeta.server.tool;;;;;;;ServerSynchronization;394;9
;;;;;;;;;main;34;;;;
;;;;;;;;;Constructor;24;;;;
;;;;;;;;;size;17;;;;
;;;;;;;;;synchronization;86;;;;
;;;;;;;;;decrypt;58;;;;
;;;;;;;;;syncData;100;;;;
;;;;;;;;;generateKey;17;;;;
;;;;;;;;;updateKeys;35;;;;
;;;;;;;;;executeSql;20;;;;
Trust.java;91;1;0;3;zeta.server.tool;;;;;;;Trust;83;3
;;;;;;;;;main;8;;;;
;;;;;;;;;Constructor;2;;;;
;;;;;;;;;trust;71;;;;
CachedQueries.java;233;1;0;12;zeta.server.util;;;;;;;CachedQueries;218;12
;;;;;;;;;getUserNames;30;;;;
;;;;;;;;;getUserMinStartDays;35;;;;
;;;;;;;;;getTeamNames;30;;;;
;;;;;;;;;getMaxDays;15;;;;
;;;;;;;;;getUsersForRecomputation;17;;;;
;;;;;;;;;getUserData;26;;;;
;;;;;;;;;setWorkstationTable;3;;;;
;;;;;;;;;getWorkstationTable;3;;;;
;;;;;;;;;getUserData;34;;;;
;;;;;;;;;getMaxComputersUsed;3;;;;
;;;;;;;;;setNumberOfComputers;3;;;;
;;;;;;;;;getNumberOfComputers;3;;;;
Charts.java;368;1;0;8;zeta.server.util;;;;;;;Charts;330;8
;;;;;;;;;main;18;;;;
;;;;;;;;;generatePie;18;;;;
;;;;;;;;;generateChart;44;;;;
;;;;;;;;;createNumberOfComputedZeros;51;;;;
;;;;;;;;;createNumberOfParticipants;53;;;;
;;;;;;;;;createNumberOfComputers;55;;;;
;;;;;;;;;createWorkLoad;48;;;;
;;;;;;;;;createNewReservedZeros;41;;;;
DatabaseUtils.java;209;1;0;10;zeta.server.util;;;;;;;DatabaseUtils;196;10
;;;;;;;;;close;8;;;;
;;;;;;;;;close;8;;;;
;;;;;;;;;log;17;;;;
;;;;;;;;;executeAndLogUpdate;39;;;;
;;;;;;;;;executeAndLogUpdate;26;;;;
;;;;;;;;;encodeName;27;;;;
;;;;;;;;;db2CLP;33;;;;
;;;;;;;;;convertDaysToTimeMillis;3;;;;
;;;;;;;;;convertTimeMillisToDays;3;;;;
;;;;;;;;;getLogStatement;28;;;;
Parameter.java;134;1;0;9;zeta.server.util;;;;;;;Parameter;121;9
;;;;;;;;;getValue;3;;;;
;;;;;;;;;getValue;3;;;;
;;;;;;;;;getValue;8;;;;
;;;;;;;;;getValue;24;;;;
;;;;;;;;;setValue;3;;;;
;;;;;;;;;setValue;3;;;;
;;;;;;;;;setValue;8;;;;
;;;;;;;;;getServerMaxWorkUnitId;20;;;;
;;;;;;;;;newServerMaxWorkUnitId;43;;;;
Query.java;176;1;0;5;zeta.server.util;;;;;;;Query;162;5
;;;;;;;;;Constructor;4;;;;
;;;;;;;;;Constructor;4;;;;
;;;;;;;;;getResult;3;;;;
;;;;;;;;;executeQuery;141;;;;
;;;;;;;;;toString;3;;;;
QueryWithSum.java;61;1;0;4;zeta.server.util;;;;;;;QueryWithSum;56;4
;;;;;;;;;Constructor;3;;;;
;;;;;;;;;Constructor;3;;;;
;;;;;;;;;addSum;43;;;;
;;;;;;;;;executeQuery;5;;;;
